outlet_type,outlet_location_type,avg_sales,total_Sales
Grocery Store,Tier 1,340.3297227272727,179694.0936
Grocery Store,Tier 3,339.351661981982,188340.1724
Supermarket Type1,Tier 1,2313.099450752688,4302364.9784
Supermarket Type1,Tier 2,2323.9905588509873,6472313.7064
Supermarket Type1,Tier 3,2298.9952555793993,2142663.5782
Supermarket Type2,Tier 3,1995.498739224138,1851822.83
Supermarket Type3,Tier 3,3694.038557647059,3453926.0513999998
