outlet_type,avg_sales,total_sales
Grocery Store,339.8285004616805,368034.266
Supermarket Type1,2316.181148108302,12917342.263
Supermarket Type2,1995.498739224138,1851822.83
Supermarket Type3,3694.038557647059,3453926.0513999998
