item_fat_content,avg_sales,total_sales
low fat,2157.711533985862,11904094.533
regular,2224.561170126414,6687030.8774
