outlet_location_type,avg_sales,total_sales
Tier 1,1876.9091591289782,4482059.072
Tier 2,2323.9905588509873,6472313.7064
Tier 3,2279.6276513432836,7636752.632
